weekly_n,T_weeks,rho,sigma_txn,sigma_week,nonzero_weeks,pct_coverage,feasible,mde_pct,verdict
1,104,0,0.15,0.01,65.74053811817,0.632120558828558,FALSE,,infeasible
1,104,0,0.15,0.03,65.74053811817,0.632120558828558,FALSE,,infeasible
1,104,0,0.3,0.01,65.74053811817,0.632120558828558,FALSE,,infeasible
1,104,0,0.3,0.03,65.74053811817,0.632120558828558,FALSE,,infeasible
1,104,0,0.5,0.01,65.74053811817,0.632120558828558,FALSE,,infeasible
1,104,0,0.5,0.03,65.74053811817,0.632120558828558,FALSE,,infeasible
1,104,0.3,0.15,0.01,65.74053811817,0.632120558828558,FALSE,,infeasible
1,104,0.3,0.15,0.03,65.74053811817,0.632120558828558,FALSE,,infeasible
1,104,0.3,0.3,0.01,65.74053811817,0.632120558828558,FALSE,,infeasible
1,104,0.3,0.3,0.03,65.74053811817,0.632120558828558,FALSE,,infeasible
1,104,0.3,0.5,0.01,65.74053811817,0.632120558828558,FALSE,,infeasible
1,104,0.3,0.5,0.03,65.74053811817,0.632120558828558,FALSE,,infeasible
1,104,0.5,0.15,0.01,65.74053811817,0.632120558828558,FALSE,,infeasible
1,104,0.5,0.15,0.03,65.74053811817,0.632120558828558,FALSE,,infeasible
1,104,0.5,0.3,0.01,65.74053811817,0.632120558828558,FALSE,,infeasible
1,104,0.5,0.3,0.03,65.74053811817,0.632120558828558,FALSE,,infeasible
1,104,0.5,0.5,0.01,65.74053811817,0.632120558828558,FALSE,,infeasible
1,104,0.5,0.5,0.03,65.74053811817,0.632120558828558,FALSE,,infeasible
1,104,0.7,0.15,0.01,65.74053811817,0.632120558828558,FALSE,,infeasible
1,104,0.7,0.15,0.03,65.74053811817,0.632120558828558,FALSE,,infeasible
1,104,0.7,0.3,0.01,65.74053811817,0.632120558828558,FALSE,,infeasible
1,104,0.7,0.3,0.03,65.74053811817,0.632120558828558,FALSE,,infeasible
1,104,0.7,0.5,0.01,65.74053811817,0.632120558828558,FALSE,,infeasible
1,104,0.7,0.5,0.03,65.74053811817,0.632120558828558,FALSE,,infeasible
1,156,0,0.15,0.01,98.610807177255,0.632120558828558,FALSE,,infeasible
1,156,0,0.15,0.03,98.610807177255,0.632120558828558,FALSE,,infeasible
1,156,0,0.3,0.01,98.610807177255,0.632120558828558,FALSE,,infeasible
1,156,0,0.3,0.03,98.610807177255,0.632120558828558,FALSE,,infeasible
1,156,0,0.5,0.01,98.610807177255,0.632120558828558,FALSE,,infeasible
1,156,0,0.5,0.03,98.610807177255,0.632120558828558,FALSE,,infeasible
1,156,0.3,0.15,0.01,98.610807177255,0.632120558828558,FALSE,,infeasible
1,156,0.3,0.15,0.03,98.610807177255,0.632120558828558,FALSE,,infeasible
1,156,0.3,0.3,0.01,98.610807177255,0.632120558828558,FALSE,,infeasible
1,156,0.3,0.3,0.03,98.610807177255,0.632120558828558,FALSE,,infeasible
1,156,0.3,0.5,0.01,98.610807177255,0.632120558828558,FALSE,,infeasible
1,156,0.3,0.5,0.03,98.610807177255,0.632120558828558,FALSE,,infeasible
1,156,0.5,0.15,0.01,98.610807177255,0.632120558828558,FALSE,,infeasible
1,156,0.5,0.15,0.03,98.610807177255,0.632120558828558,FALSE,,infeasible
1,156,0.5,0.3,0.01,98.610807177255,0.632120558828558,FALSE,,infeasible
1,156,0.5,0.3,0.03,98.610807177255,0.632120558828558,FALSE,,infeasible
1,156,0.5,0.5,0.01,98.610807177255,0.632120558828558,FALSE,,infeasible
1,156,0.5,0.5,0.03,98.610807177255,0.632120558828558,FALSE,,infeasible
1,156,0.7,0.15,0.01,98.610807177255,0.632120558828558,FALSE,,infeasible
1,156,0.7,0.15,0.03,98.610807177255,0.632120558828558,FALSE,,infeasible
1,156,0.7,0.3,0.01,98.610807177255,0.632120558828558,FALSE,,infeasible
1,156,0.7,0.3,0.03,98.610807177255,0.632120558828558,FALSE,,infeasible
1,156,0.7,0.5,0.01,98.610807177255,0.632120558828558,FALSE,,infeasible
1,156,0.7,0.5,0.03,98.610807177255,0.632120558828558,FALSE,,infeasible
1,208,0,0.15,0.01,131.48107623634,0.632120558828558,FALSE,,infeasible
1,208,0,0.15,0.03,131.48107623634,0.632120558828558,FALSE,,infeasible
1,208,0,0.3,0.01,131.48107623634,0.632120558828558,FALSE,,infeasible
1,208,0,0.3,0.03,131.48107623634,0.632120558828558,FALSE,,infeasible
1,208,0,0.5,0.01,131.48107623634,0.632120558828558,FALSE,,infeasible
1,208,0,0.5,0.03,131.48107623634,0.632120558828558,FALSE,,infeasible
1,208,0.3,0.15,0.01,131.48107623634,0.632120558828558,FALSE,,infeasible
1,208,0.3,0.15,0.03,131.48107623634,0.632120558828558,FALSE,,infeasible
1,208,0.3,0.3,0.01,131.48107623634,0.632120558828558,FALSE,,infeasible
1,208,0.3,0.3,0.03,131.48107623634,0.632120558828558,FALSE,,infeasible
1,208,0.3,0.5,0.01,131.48107623634,0.632120558828558,FALSE,,infeasible
1,208,0.3,0.5,0.03,131.48107623634,0.632120558828558,FALSE,,infeasible
1,208,0.5,0.15,0.01,131.48107623634,0.632120558828558,FALSE,,infeasible
1,208,0.5,0.15,0.03,131.48107623634,0.632120558828558,FALSE,,infeasible
1,208,0.5,0.3,0.01,131.48107623634,0.632120558828558,FALSE,,infeasible
1,208,0.5,0.3,0.03,131.48107623634,0.632120558828558,FALSE,,infeasible
1,208,0.5,0.5,0.01,131.48107623634,0.632120558828558,FALSE,,infeasible
1,208,0.5,0.5,0.03,131.48107623634,0.632120558828558,FALSE,,infeasible
1,208,0.7,0.15,0.01,131.48107623634,0.632120558828558,FALSE,,infeasible
1,208,0.7,0.15,0.03,131.48107623634,0.632120558828558,FALSE,,infeasible
1,208,0.7,0.3,0.01,131.48107623634,0.632120558828558,FALSE,,infeasible
1,208,0.7,0.3,0.03,131.48107623634,0.632120558828558,FALSE,,infeasible
1,208,0.7,0.5,0.01,131.48107623634,0.632120558828558,FALSE,,infeasible
1,208,0.7,0.5,0.03,131.48107623634,0.632120558828558,FALSE,,infeasible
1,260,0,0.15,0.01,164.351345295425,0.632120558828558,FALSE,,infeasible
1,260,0,0.15,0.03,164.351345295425,0.632120558828558,FALSE,,infeasible
1,260,0,0.3,0.01,164.351345295425,0.632120558828558,FALSE,,infeasible
1,260,0,0.3,0.03,164.351345295425,0.632120558828558,FALSE,,infeasible
1,260,0,0.5,0.01,164.351345295425,0.632120558828558,FALSE,,infeasible
1,260,0,0.5,0.03,164.351345295425,0.632120558828558,FALSE,,infeasible
1,260,0.3,0.15,0.01,164.351345295425,0.632120558828558,FALSE,,infeasible
1,260,0.3,0.15,0.03,164.351345295425,0.632120558828558,FALSE,,infeasible
1,260,0.3,0.3,0.01,164.351345295425,0.632120558828558,FALSE,,infeasible
1,260,0.3,0.3,0.03,164.351345295425,0.632120558828558,FALSE,,infeasible
1,260,0.3,0.5,0.01,164.351345295425,0.632120558828558,FALSE,,infeasible
1,260,0.3,0.5,0.03,164.351345295425,0.632120558828558,FALSE,,infeasible
1,260,0.5,0.15,0.01,164.351345295425,0.632120558828558,FALSE,,infeasible
1,260,0.5,0.15,0.03,164.351345295425,0.632120558828558,FALSE,,infeasible
1,260,0.5,0.3,0.01,164.351345295425,0.632120558828558,FALSE,,infeasible
1,260,0.5,0.3,0.03,164.351345295425,0.632120558828558,FALSE,,infeasible
1,260,0.5,0.5,0.01,164.351345295425,0.632120558828558,FALSE,,infeasible
1,260,0.5,0.5,0.03,164.351345295425,0.632120558828558,FALSE,,infeasible
1,260,0.7,0.15,0.01,164.351345295425,0.632120558828558,FALSE,,infeasible
1,260,0.7,0.15,0.03,164.351345295425,0.632120558828558,FALSE,,infeasible
1,260,0.7,0.3,0.01,164.351345295425,0.632120558828558,FALSE,,infeasible
1,260,0.7,0.3,0.03,164.351345295425,0.632120558828558,FALSE,,infeasible
1,260,0.7,0.5,0.01,164.351345295425,0.632120558828558,FALSE,,infeasible
1,260,0.7,0.5,0.03,164.351345295425,0.632120558828558,FALSE,,infeasible
2,104,0,0.15,0.01,89.9251305433923,0.864664716763388,TRUE,6.08688301292886,marginal
2,104,0,0.15,0.03,89.9251305433923,0.864664716763388,TRUE,6.30425984464593,marginal
2,104,0,0.3,0.01,89.9251305433923,0.864664716763388,TRUE,12.5002602451654,underpowered
2,104,0,0.3,0.03,89.9251305433923,0.864664716763388,TRUE,12.6173289692561,underpowered
2,104,0,0.5,0.01,89.9251305433923,0.864664716763388,TRUE,21.6733218460745,underpowered
2,104,0,0.5,0.03,89.9251305433923,0.864664716763388,TRUE,21.7495425649585,underpowered
2,104,0.3,0.15,0.01,89.9251305433923,0.864664716763388,TRUE,8.30122239862097,marginal
2,104,0.3,0.15,0.03,89.9251305433923,0.864664716763388,TRUE,8.60082787706109,marginal
2,104,0.3,0.3,0.01,89.9251305433923,0.864664716763388,TRUE,17.2296539462314,underpowered
2,104,0.3,0.3,0.03,89.9251305433923,0.864664716763388,TRUE,17.3943234517705,underpowered
2,104,0.3,0.5,0.01,89.9251305433923,0.864664716763388,TRUE,30.3109172818912,underpowered
2,104,0.3,0.5,0.03,89.9251305433923,0.864664716763388,TRUE,30.4211004843452,underpowered
2,104,0.5,0.15,0.01,89.9251305433923,0.864664716763388,TRUE,10.5555370897914,underpowered
2,104,0.5,0.15,0.03,89.9251305433923,0.864664716763388,TRUE,10.9405271643102,underpowered
2,104,0.5,0.3,0.01,89.9251305433923,0.864664716763388,TRUE,22.1441139306154,underpowered
2,104,0.5,0.3,0.03,89.9251305433923,0.864664716763388,TRUE,22.3600497025038,underpowered
2,104,0.5,0.5,0.01,89.9251305433923,0.864664716763388,TRUE,39.5355292704695,underpowered
2,104,0.5,0.5,0.03,89.9251305433923,0.864664716763388,TRUE,39.68400805397,underpowered
2,104,0.7,0.15,0.01,89.9251305433923,0.864664716763388,TRUE,14.4497944033481,underpowered
2,104,0.7,0.15,0.03,89.9251305433923,0.864664716763388,TRUE,14.9861605272154,underpowered
2,104,0.7,0.3,0.01,89.9251305433923,0.864664716763388,TRUE,30.8705922563239,underpowered
2,104,0.7,0.3,0.03,89.9251305433923,0.864664716763388,TRUE,31.1818664951304,underpowered
2,104,0.7,0.5,0.01,89.9251305433923,0.864664716763388,TRUE,56.5303506812174,underpowered
2,104,0.7,0.5,0.03,89.9251305433923,0.864664716763388,TRUE,56.7544159480732,underpowered
2,156,0,0.15,0.01,134.887695815088,0.864664716763387,TRUE,2.98913579277362,adequate
2,156,0,0.15,0.03,134.887695815088,0.864664716763387,TRUE,3.09427224114538,adequate
2,156,0,0.3,0.01,134.887695815088,0.864664716763387,TRUE,6.04694525401857,marginal
2,156,0,0.3,0.03,134.887695815088,0.864664716763387,TRUE,6.10193801731183,marginal
2,156,0,0.5,0.01,134.887695815088,0.864664716763387,TRUE,10.2723867126418,underpowered
2,156,0,0.5,0.03,134.887695815088,0.864664716763387,TRUE,10.3068145347219,underpowered
2,156,0.3,0.15,0.01,134.887695815088,0.864664716763387,TRUE,4.06897276232061,adequate
2,156,0.3,0.15,0.03,134.887695815088,0.864664716763387,TRUE,4.21286015992137,adequate
2,156,0.3,0.3,0.01,134.887695815088,0.864664716763387,TRUE,8.27492413994815,marginal
2,156,0.3,0.3,0.03,134.887695815088,0.864664716763387,TRUE,8.35096311657995,marginal
2,156,0.3,0.5,0.01,134.887695815088,0.864664716763387,TRUE,14.1578115278036,underpowered
2,156,0.3,0.5,0.03,134.887695815088,0.864664716763387,TRUE,14.2060766644608,underpowered
2,156,0.5,0.15,0.01,134.887695815088,0.864664716763387,TRUE,5.16491476712506,marginal
2,156,0.5,0.15,0.03,134.887695815088,0.864664716763387,TRUE,5.34854223928627,marginal
2,156,0.5,0.3,0.01,134.887695815088,0.864664716763387,TRUE,10.5597346344902,underpowered
2,156,0.5,0.3,0.03,134.887695815088,0.864664716763387,TRUE,10.6577810849482,underpowered
2,156,0.5,0.5,0.01,134.887695815088,0.864664716763387,TRUE,18.1979847071583,underpowered
2,156,0.5,0.5,0.03,134.887695815088,0.864664716763387,TRUE,18.2610874962799,underpowered
2,156,0.7,0.15,0.01,134.887695815088,0.864664716763387,TRUE,7.06262797621649,marginal
2,156,0.7,0.15,0.03,134.887695815088,0.864664716763387,TRUE,7.31603610296725,marginal
2,156,0.7,0.3,0.01,134.887695815088,0.864664716763387,TRUE,14.5722993740916,underpowered
2,156,0.7,0.3,0.03,134.887695815088,0.864664716763387,TRUE,14.7100089574376,underpowered
2,156,0.7,0.5,0.01,134.887695815088,0.864664716763387,TRUE,25.428479816953,underpowered
2,156,0.7,0.5,0.03,134.887695815088,0.864664716763387,TRUE,25.5192320005539,underpowered
2,208,0,0.15,0.01,179.850261086785,0.864664716763388,TRUE,1.87723400695163,well_powered
2,208,0,0.15,0.03,179.850261086785,0.864664716763388,TRUE,1.94289337622697,well_powered
2,208,0,0.3,0.01,179.850261086785,0.864664716763388,TRUE,3.77693235762164,adequate
2,208,0,0.3,0.03,179.850261086785,0.864664716763388,TRUE,3.81091100266457,adequate
2,208,0,0.5,0.01,179.850261086785,0.864664716763388,TRUE,6.36914485562194,marginal
2,208,0,0.5,0.03,179.850261086785,0.864664716763388,TRUE,6.3901136181491,marginal
2,208,0.3,0.15,0.01,179.850261086785,0.864664716763388,TRUE,2.55459616442222,adequate
2,208,0.3,0.15,0.03,179.850261086785,0.864664716763388,TRUE,2.64425315189085,adequate
2,208,0.3,0.3,0.01,179.850261086785,0.864664716763388,TRUE,5.15689326654509,marginal
2,208,0.3,0.3,0.03,179.850261086785,0.864664716763388,TRUE,5.20359445162328,marginal
2,208,0.3,0.5,0.01,179.850261086785,0.864664716763388,TRUE,8.73526351646563,marginal
2,208,0.3,0.5,0.03,179.850261086785,0.864664716763388,TRUE,8.76433735621149,marginal
2,208,0.5,0.15,0.01,179.850261086785,0.864664716763388,TRUE,3.2418234082374,adequate
2,208,0.5,0.15,0.03,179.850261086785,0.864664716763388,TRUE,3.35599152928134,adequate
2,208,0.5,0.3,0.01,179.850261086785,0.864664716763388,TRUE,6.56623527089428,marginal
2,208,0.5,0.3,0.03,179.850261086785,0.864664716763388,TRUE,6.62609644525147,marginal
2,208,0.5,0.5,0.01,179.850261086785,0.864664716763388,TRUE,11.1731810213769,underpowered
2,208,0.5,0.5,0.03,179.850261086785,0.864664716763388,TRUE,11.2107783778229,underpowered
2,208,0.7,0.15,0.01,179.850261086785,0.864664716763388,TRUE,4.4346272017384,adequate
2,208,0.7,0.15,0.03,179.850261086785,0.864664716763388,TRUE,4.5917277945601,adequate
2,208,0.7,0.3,0.01,179.850261086785,0.864664716763388,TRUE,9.03459428398103,marginal
2,208,0.7,0.3,0.03,179.850261086785,0.864664716763388,TRUE,9.11790320640227,marginal
2,208,0.7,0.5,0.01,179.850261086785,0.864664716763388,TRUE,15.4948844785975,underpowered
2,208,0.7,0.5,0.03,179.850261086785,0.864664716763388,TRUE,15.5480101154538,underpowered
2,260,0,0.15,0.01,224.812826358481,0.864664716763387,TRUE,1.32251285272136,well_powered
2,260,0,0.15,0.03,224.812826358481,0.864664716763387,TRUE,1.36863979413409,well_powered
2,260,0,0.3,0.01,224.812826358481,0.864664716763387,TRUE,2.65358878064121,adequate
2,260,0,0.3,0.03,224.812826358481,0.864664716763387,TRUE,2.67733140467727,adequate
2,260,0,0.5,0.01,224.812826358481,0.864664716763387,TRUE,4.45841687552895,adequate
2,260,0,0.5,0.03,224.812826358481,0.864664716763387,TRUE,4.47296336603447,adequate
2,260,0.3,0.15,0.01,224.812826358481,0.864664716763387,TRUE,1.79968728549689,well_powered
2,260,0.3,0.15,0.03,224.812826358481,0.864664716763387,TRUE,1.8626096109398,well_powered
2,260,0.3,0.3,0.01,224.812826358481,0.864664716763387,TRUE,3.61952927261702,adequate
2,260,0.3,0.3,0.03,224.812826358481,0.864664716763387,TRUE,3.65206709021948,adequate
2,260,0.3,0.5,0.01,224.812826358481,0.864664716763387,TRUE,6.10057999472848,marginal
2,260,0.3,0.5,0.03,224.812826358481,0.864664716763387,TRUE,6.12063938033842,marginal
2,260,0.5,0.15,0.01,224.812826358481,0.864664716763387,TRUE,2.28386523680635,adequate
2,260,0.5,0.15,0.03,224.812826358481,0.864664716763387,TRUE,2.36391144445576,adequate
2,260,0.5,0.3,0.01,224.812826358481,0.864664716763387,TRUE,4.60425493328753,adequate
2,260,0.5,0.3,0.03,224.812826358481,0.864664716763387,TRUE,4.64584158013313,adequate
2,260,0.5,0.5,0.01,224.812826358481,0.864664716763387,TRUE,7.78519812015661,marginal
2,260,0.5,0.5,0.03,224.812826358481,0.864664716763387,TRUE,7.81099751536747,marginal
2,260,0.7,0.15,0.01,224.812826358481,0.864664716763387,TRUE,3.12569156858813,adequate
2,260,0.7,0.15,0.03,224.812826358481,0.864664716763387,TRUE,3.23570609498274,adequate
2,260,0.7,0.3,0.01,224.812826358481,0.864664716763387,TRUE,6.32741956075114,marginal
2,260,0.7,0.3,0.03,224.812826358481,0.864664716763387,TRUE,6.38503899917546,marginal
2,260,0.7,0.5,0.01,224.812826358481,0.864664716763387,TRUE,10.7585520536555,underpowered
2,260,0.7,0.5,0.03,224.812826358481,0.864664716763387,TRUE,10.7946875809806,underpowered
5,104,0,0.15,0.01,103.299253512095,0.993262053000915,TRUE,3.83332735966824,adequate
5,104,0,0.15,0.03,103.299253512095,0.993262053000915,TRUE,4.15987387244487,adequate
5,104,0,0.3,0.01,103.299253512095,0.993262053000915,TRUE,7.7472234334689,marginal
5,104,0,0.3,0.03,103.299253512095,0.993262053000915,TRUE,7.92312222458798,marginal
5,104,0,0.5,0.01,103.299253512095,0.993262053000915,TRUE,13.2177640675214,underpowered
5,104,0,0.5,0.03,103.299253512095,0.993262053000915,TRUE,13.3295918407379,underpowered
5,104,0.3,0.15,0.01,103.299253512095,0.993262053000915,TRUE,5.20789337181389,marginal
5,104,0.3,0.15,0.03,103.299253512095,0.993262053000915,TRUE,5.65468445222355,marginal
5,104,0.3,0.3,0.01,103.299253512095,0.993262053000915,TRUE,10.595049743111,underpowered
5,104,0.3,0.3,0.03,103.299253512095,0.993262053000915,TRUE,10.8387891193831,underpowered
5,104,0.3,0.5,0.01,103.299253512095,0.993262053000915,TRUE,18.2398386545421,underpowered
5,104,0.3,0.5,0.03,103.299253512095,0.993262053000915,TRUE,18.3974847648726,underpowered
5,104,0.5,0.15,0.01,103.299253512095,0.993262053000915,TRUE,6.59682326040691,marginal
5,104,0.5,0.15,0.03,103.299253512095,0.993262053000915,TRUE,7.16677218245108,marginal
5,104,0.5,0.3,0.01,103.299253512095,0.993262053000915,TRUE,13.5100495992804,underpowered
5,104,0.5,0.3,0.03,103.299253512095,0.993262053000915,TRUE,13.8249298741921,underpowered
5,104,0.5,0.5,0.01,103.299253512095,0.993262053000915,TRUE,23.4700285063648,underpowered
5,104,0.5,0.5,0.03,103.299253512095,0.993262053000915,TRUE,23.6772111304449,underpowered
5,104,0.7,0.15,0.01,103.299253512095,0.993262053000915,TRUE,8.97215833732754,marginal
5,104,0.7,0.15,0.03,103.299253512095,0.993262053000915,TRUE,9.75653346130754,marginal
5,104,0.7,0.3,0.01,103.299253512095,0.993262053000915,TRUE,18.5823900610758,underpowered
5,104,0.7,0.3,0.03,103.299253512095,0.993262053000915,TRUE,19.0250351728873,underpowered
5,104,0.7,0.5,0.01,103.299253512095,0.993262053000915,TRUE,32.7849023373687,underpowered
5,104,0.7,0.5,0.03,103.299253512095,0.993262053000915,TRUE,33.0846686428448,underpowered
5,156,0,0.15,0.01,154.948880268143,0.993262053000915,TRUE,1.89274988733936,well_powered
5,156,0,0.15,0.03,154.948880268143,0.993262053000915,TRUE,2.05235351906354,adequate
5,156,0,0.3,0.01,154.948880268143,0.993262053000915,TRUE,3.78945937132427,adequate
5,156,0,0.3,0.03,154.948880268143,0.993262053000915,TRUE,3.8738833160245,adequate
5,156,0,0.5,0.01,154.948880268143,0.993262053000915,TRUE,6.38354147033693,marginal
5,156,0,0.5,0.03,154.948880268143,0.993262053000915,TRUE,6.43590577296891,marginal
5,156,0.3,0.15,0.01,154.948880268143,0.993262053000915,TRUE,2.57158898693781,adequate
5,156,0.3,0.15,0.03,154.948880268143,0.993262053000915,TRUE,2.78921363909781,adequate
5,156,0.3,0.3,0.01,154.948880268143,0.993262053000915,TRUE,5.16558417510429,marginal
5,156,0.3,0.3,0.03,154.948880268143,0.993262053000915,TRUE,5.28143781656623,marginal
5,156,0.3,0.5,0.01,154.948880268143,0.993262053000915,TRUE,8.74055732400167,marginal
5,156,0.3,0.5,0.03,154.948880268143,0.993262053000915,TRUE,8.81304286835418,marginal
5,156,0.5,0.15,0.01,154.948880268143,0.993262053000915,TRUE,3.25794047055175,adequate
5,156,0.5,0.15,0.03,154.948880268143,0.993262053000915,TRUE,3.53464219397908,adequate
5,156,0.5,0.3,0.01,154.948880268143,0.993262053000915,TRUE,6.56607524644284,marginal
5,156,0.5,0.3,0.03,154.948880268143,0.993262053000915,TRUE,6.71432852255198,marginal
5,156,0.5,0.5,0.01,154.948880268143,0.993262053000915,TRUE,11.1604163923012,underpowered
5,156,0.5,0.5,0.03,154.948880268143,0.993262053000915,TRUE,11.2539859320978,underpowered
5,156,0.7,0.15,0.01,154.948880268143,0.993262053000915,TRUE,4.44029990507802,adequate
5,156,0.7,0.15,0.03,154.948880268143,0.993262053000915,TRUE,4.81974092038653,adequate
5,156,0.7,0.3,0.01,154.948880268143,0.993262053000915,TRUE,9.0002073266583,marginal
5,156,0.7,0.3,0.03,154.948880268143,0.993262053000915,TRUE,9.20574960530029,marginal
5,156,0.7,0.5,0.01,154.948880268143,0.993262053000915,TRUE,15.4166574271102,underpowered
5,156,0.7,0.5,0.03,154.948880268143,0.993262053000915,TRUE,15.5483311136098,underpowered
5,208,0,0.15,0.01,206.59850702419,0.993262053000915,TRUE,1.19104492618016,well_powered
5,208,0,0.15,0.03,206.59850702419,0.993262053000915,TRUE,1.29110380262343,well_powered
5,208,0,0.3,0.01,206.59850702419,0.993262053000915,TRUE,2.37642935661606,adequate
5,208,0,0.3,0.03,206.59850702419,0.993262053000915,TRUE,2.42900524651426,adequate
5,208,0,0.5,0.01,206.59850702419,0.993262053000915,TRUE,3.98480508471628,adequate
5,208,0,0.5,0.03,206.59850702419,0.993262053000915,TRUE,4.01712206090761,adequate
5,208,0.3,0.15,0.01,206.59850702419,0.993262053000915,TRUE,1.61884758411077,well_powered
5,208,0.3,0.15,0.03,206.59850702419,0.993262053000915,TRUE,1.75515638149706,well_powered
5,208,0.3,0.3,0.01,206.59850702419,0.993262053000915,TRUE,3.23675682225792,adequate
5,208,0.3,0.3,0.03,206.59850702419,0.993262053000915,TRUE,3.30867196241187,adequate
5,208,0.3,0.5,0.01,206.59850702419,0.993262053000915,TRUE,5.44268450830527,marginal
5,208,0.3,0.5,0.03,206.59850702419,0.993262053000915,TRUE,5.48713339934726,marginal
5,208,0.5,0.15,0.01,206.59850702419,0.993262053000915,TRUE,2.05183274486276,adequate
5,208,0.5,0.15,0.03,206.59850702419,0.993262053000915,TRUE,2.22499667811698,adequate
5,208,0.5,0.3,0.01,206.59850702419,0.993262053000915,TRUE,4.11114159894004,adequate
5,208,0.5,0.3,0.03,206.59850702419,0.993262053000915,TRUE,4.20287619508521,adequate
5,208,0.5,0.5,0.01,206.59850702419,0.993262053000915,TRUE,6.93267017708941,marginal
5,208,0.5,0.5,0.03,206.59850702419,0.993262053000915,TRUE,6.98968516615186,marginal
5,208,0.7,0.15,0.01,206.59850702419,0.993262053000915,TRUE,2.80087668798223,adequate
5,208,0.7,0.15,0.03,206.59850702419,0.993262053000915,TRUE,3.03819089324269,adequate
5,208,0.7,0.3,0.01,206.59850702419,0.993262053000915,TRUE,5.6324207573859,marginal
5,208,0.7,0.3,0.03,206.59850702419,0.993262053000915,TRUE,5.75902834518567,marginal
5,208,0.7,0.5,0.01,206.59850702419,0.993262053000915,TRUE,9.54482638326823,marginal
5,208,0.7,0.5,0.03,206.59850702419,0.993262053000915,TRUE,9.62427198711568,marginal
5,260,0,0.15,0.01,258.248133780238,0.993262053000915,TRUE,0.839928499173426,well_powered
5,260,0,0.15,0.03,258.248133780238,0.993262053000915,TRUE,0.910357784086147,well_powered
5,260,0,0.3,0.01,258.248133780238,0.993262053000915,TRUE,1.67298841684163,well_powered
5,260,0,0.3,0.03,258.248133780238,0.993262053000915,TRUE,1.70987171347079,well_powered
5,260,0,0.5,0.01,258.248133780238,0.993262053000915,TRUE,2.79880443720737,adequate
5,260,0,0.5,0.03,258.248133780238,0.993262053000915,TRUE,2.82137276135308,adequate
5,260,0.3,0.15,0.01,258.248133780238,0.993262053000915,TRUE,1.1420027830586,well_powered
5,260,0.3,0.15,0.03,258.248133780238,0.993262053000915,TRUE,1.23791651520164,well_powered
5,260,0.3,0.3,0.01,258.248133780238,0.993262053000915,TRUE,2.2780318304497,adequate
5,260,0.3,0.3,0.03,258.248133780238,0.993262053000915,TRUE,2.328406120583,adequate
5,260,0.3,0.5,0.01,258.248133780238,0.993262053000915,TRUE,3.81858056027247,adequate
5,260,0.3,0.5,0.03,258.248133780238,0.993262053000915,TRUE,3.84952464548112,adequate
5,260,0.5,0.15,0.01,258.248133780238,0.993262053000915,TRUE,1.44798518625333,well_powered
5,260,0.5,0.15,0.03,258.248133780238,0.993262053000915,TRUE,1.56979633576482,well_powered
5,260,0.5,0.3,0.01,258.248133780238,0.993262053000915,TRUE,2.89271782838536,adequate
5,260,0.5,0.3,0.03,258.248133780238,0.993262053000915,TRUE,2.95688003236918,adequate
5,260,0.5,0.5,0.01,258.248133780238,0.993262053000915,TRUE,4.85871710971821,adequate
5,260,0.5,0.5,0.03,258.248133780238,0.993262053000915,TRUE,4.89828691642882,adequate
5,260,0.7,0.15,0.01,258.248133780238,0.993262053000915,TRUE,1.97873798763797,well_powered
5,260,0.7,0.15,0.03,258.248133780238,0.993262053000915,TRUE,2.14566849586411,adequate
5,260,0.7,0.3,0.01,258.248133780238,0.993262053000915,TRUE,3.96327503319909,adequate
5,260,0.7,0.3,0.03,258.248133780238,0.993262053000915,TRUE,4.05164640348885,adequate
5,260,0.7,0.5,0.01,258.248133780238,0.993262053000915,TRUE,6.68011400444182,marginal
5,260,0.7,0.5,0.03,258.248133780238,0.993262053000915,TRUE,6.73498722642583,marginal
10,104,0,0.15,0.01,103.995278407305,0.999954600070238,TRUE,2.72513724444086,adequate
10,104,0,0.15,0.03,103.995278407305,0.999954600070238,TRUE,3.16180645873085,adequate
10,104,0,0.3,0.01,103.995278407305,0.999954600070238,TRUE,5.43329443151861,marginal
10,104,0,0.3,0.03,103.995278407305,0.999954600070238,TRUE,5.67360326630919,marginal
10,104,0,0.5,0.01,103.995278407305,0.999954600070238,TRUE,9.18460040877889,marginal
10,104,0,0.5,0.03,103.995278407305,0.999954600070238,TRUE,9.33639957137817,marginal
10,104,0.3,0.15,0.01,103.995278407305,0.999954600070238,TRUE,3.69529964293545,adequate
10,104,0.3,0.15,0.03,103.995278407305,0.999954600070238,TRUE,4.29064171981346,adequate
10,104,0.3,0.3,0.01,103.995278407305,0.999954600070238,TRUE,7.40168982973051,marginal
10,104,0.3,0.3,0.03,103.995278407305,0.999954600070238,TRUE,7.73220040147629,marginal
10,104,0.3,0.5,0.01,103.995278407305,0.999954600070238,TRUE,12.5908557488534,underpowered
10,104,0.3,0.5,0.03,103.995278407305,0.999954600070238,TRUE,12.8021686318283,underpowered
10,104,0.5,0.15,0.01,103.995278407305,0.999954600070238,TRUE,4.67193441679834,adequate
10,104,0.5,0.15,0.03,103.995278407305,0.999954600070238,TRUE,5.42869210323496,marginal
10,104,0.5,0.3,0.01,103.995278407305,0.999954600070238,TRUE,9.40130147380385,marginal
10,104,0.5,0.3,0.03,103.995278407305,0.999954600070238,TRUE,9.82510716275984,marginal
10,104,0.5,0.5,0.01,103.995278407305,0.999954600070238,TRUE,16.0936255256793,underpowered
10,104,0.5,0.5,0.03,103.995278407305,0.999954600070238,TRUE,16.3678675715782,underpowered
10,104,0.7,0.15,0.01,103.995278407305,0.999954600070238,TRUE,6.33380227313987,marginal
10,104,0.7,0.15,0.03,103.995278407305,0.999954600070238,TRUE,7.36907564236353,marginal
10,104,0.7,0.3,0.01,103.995278407305,0.999954600070238,TRUE,12.8455849097028,underpowered
10,104,0.7,0.3,0.03,103.995278407305,0.999954600070238,TRUE,13.4339344529071,underpowered
10,104,0.7,0.5,0.01,103.995278407305,0.999954600070238,TRUE,22.226715633038,underpowered
10,104,0.7,0.5,0.03,103.995278407305,0.999954600070238,TRUE,22.6152105487697,underpowered
10,156,0,0.15,0.01,155.992917610957,0.999954600070238,TRUE,1.34922289563739,well_powered
10,156,0,0.15,0.03,155.992917610957,0.999954600070238,TRUE,1.5637426855651,well_powered
10,156,0,0.3,0.01,155.992917610957,0.999954600070238,TRUE,2.67236873633785,adequate
10,156,0,0.3,0.03,155.992917610957,0.999954600070238,TRUE,2.78895055739761,adequate
10,156,0,0.5,0.01,155.992917610957,0.999954600070238,TRUE,4.47732802370004,adequate
10,156,0,0.5,0.03,155.992917610957,0.999954600070238,TRUE,4.54970693006431,adequate
10,156,0.3,0.15,0.01,155.992917610957,0.999954600070238,TRUE,1.83137860491072,well_powered
10,156,0.3,0.15,0.03,155.992917610957,0.999954600070238,TRUE,2.12335809786604,adequate
10,156,0.3,0.3,0.01,155.992917610957,0.999954600070238,TRUE,3.63576697960213,adequate
10,156,0.3,0.3,0.03,155.992917610957,0.999954600070238,TRUE,3.79514753276011,adequate
10,156,0.3,0.5,0.01,155.992917610957,0.999954600070238,TRUE,6.11050551740435,marginal
10,156,0.3,0.5,0.03,155.992917610957,0.999954600070238,TRUE,6.21006043778618,marginal
10,156,0.5,0.15,0.01,155.992917610957,0.999954600070238,TRUE,2.31794559819201,adequate
10,156,0.5,0.15,0.03,155.992917610957,0.999954600070238,TRUE,2.68851742393637,adequate
10,156,0.5,0.3,0.01,155.992917610957,0.999954600070238,TRUE,4.61246526362298,adequate
10,156,0.5,0.3,0.03,155.992917610957,0.999954600070238,TRUE,4.81564633231071,adequate
10,156,0.5,0.5,0.01,155.992917610957,0.999954600070238,TRUE,7.77650196566131,marginal
10,156,0.5,0.5,0.03,155.992917610957,0.999954600070238,TRUE,7.90419534864111,marginal
10,156,0.7,0.15,0.01,155.992917610957,0.999954600070238,TRUE,3.15398455471807,adequate
10,156,0.7,0.15,0.03,155.992917610957,0.999954600070238,TRUE,3.66058650835102,adequate
10,156,0.7,0.3,0.01,155.992917610957,0.999954600070238,TRUE,6.30118893497405,marginal
10,156,0.7,0.3,0.03,155.992917610957,0.999954600070238,TRUE,6.58106701846073,marginal
10,156,0.7,0.5,0.01,155.992917610957,0.999954600070238,TRUE,10.6813363338819,underpowered
10,156,0.7,0.5,0.03,155.992917610957,0.999954600070238,TRUE,10.8590788462694,underpowered
10,208,0,0.15,0.01,207.990556814609,0.999954600070238,TRUE,0.849862237186039,well_powered
10,208,0,0.15,0.03,207.990556814609,0.999954600070238,TRUE,0.984600929177337,well_powered
10,208,0,0.3,0.01,207.990556814609,0.999954600070238,TRUE,1.67925848040491,well_powered
10,208,0,0.3,0.03,207.990556814609,0.999954600070238,TRUE,1.7521468323628,well_powered
10,208,0,0.5,0.01,207.990556814609,0.999954600070238,TRUE,2.80434923780235,adequate
10,208,0,0.5,0.03,207.990556814609,0.999954600070238,TRUE,2.84931535216633,adequate
10,208,0.3,0.15,0.01,207.990556814609,0.999954600070238,TRUE,1.15442040482954,well_powered
10,208,0.3,0.15,0.03,207.990556814609,0.999954600070238,TRUE,1.33776360580133,well_powered
10,208,0.3,0.3,0.01,207.990556814609,0.999954600070238,TRUE,2.2843878913158,adequate
10,208,0.3,0.3,0.03,207.990556814609,0.999954600070238,TRUE,2.38384828148481,adequate
10,208,0.3,0.5,0.01,207.990556814609,0.999954600070238,TRUE,3.82246249488694,adequate
10,208,0.3,0.5,0.03,207.990556814609,0.999954600070238,TRUE,3.88405936304226,adequate
10,208,0.5,0.15,0.01,207.990556814609,0.999954600070238,TRUE,1.46229588798816,well_powered
10,208,0.5,0.15,0.03,207.990556814609,0.999954600070238,TRUE,1.69494355491848,well_powered
10,208,0.5,0.3,0.01,207.990556814609,0.999954600070238,TRUE,2.89790335541147,adequate
10,208,0.5,0.3,0.03,207.990556814609,0.999954600070238,TRUE,3.02446821673412,adequate
10,208,0.5,0.5,0.01,207.990556814609,0.999954600070238,TRUE,4.85875627633652,adequate
10,208,0.5,0.5,0.03,207.990556814609,0.999954600070238,TRUE,4.93744564068261,adequate
10,208,0.7,0.15,0.01,207.990556814609,0.999954600070238,TRUE,1.99402781676405,well_powered
10,208,0.7,0.15,0.03,207.990556814609,0.999954600070238,TRUE,2.31223178749391,adequate
10,208,0.7,0.3,0.01,207.990556814609,0.999954600070238,TRUE,3.96175550444089,adequate
10,208,0.7,0.3,0.03,207.990556814609,0.999954600070238,TRUE,4.13570935387024,adequate
10,208,0.7,0.5,0.01,207.990556814609,0.999954600070238,TRUE,6.66540989511131,marginal
10,208,0.7,0.5,0.03,207.990556814609,0.999954600070238,TRUE,6.77429069069693,marginal
10,260,0,0.15,0.01,259.988196018262,0.999954600070238,TRUE,0.599623474360311,well_powered
10,260,0,0.15,0.03,259.988196018262,0.999954600070238,TRUE,0.694552378061308,well_powered
10,260,0,0.3,0.01,259.988196018262,0.999954600070238,TRUE,1.18337845922656,well_powered
10,260,0,0.3,0.03,259.988196018262,0.999954600070238,TRUE,1.23461260169779,well_powered
10,260,0,0.5,0.01,259.988196018262,0.999954600070238,TRUE,1.97302363594523,well_powered
10,260,0,0.5,0.03,259.988196018262,0.999954600070238,TRUE,2.00453023391709,adequate
10,260,0.3,0.15,0.01,259.988196018262,0.999954600070238,TRUE,0.81492506830112,well_powered
10,260,0.3,0.15,0.03,259.988196018262,0.999954600070238,TRUE,0.944098876909316,well_powered
10,260,0.3,0.3,0.01,259.988196018262,0.999954600070238,TRUE,1.60995441304925,well_powered
10,260,0.3,0.3,0.03,259.988196018262,0.999954600070238,TRUE,1.67980983709575,well_powered
10,260,0.3,0.5,0.01,259.988196018262,0.999954600070238,TRUE,2.68800197099672,adequate
10,260,0.3,0.5,0.03,259.988196018262,0.999954600070238,TRUE,2.73107785274982,adequate
10,260,0.5,0.15,0.01,259.988196018262,0.999954600070238,TRUE,1.03282523514441,well_powered
10,260,0.5,0.15,0.03,259.988196018262,0.999954600070238,TRUE,1.19674288792579,well_powered
10,260,0.5,0.3,0.01,259.988196018262,0.999954600070238,TRUE,2.04257755175727,adequate
10,260,0.5,0.3,0.03,259.988196018262,0.999954600070238,TRUE,2.13140038305661,adequate
10,260,0.5,0.5,0.01,259.988196018262,0.999954600070238,TRUE,3.41514453608509,adequate
10,260,0.5,0.5,0.03,259.988196018262,0.999954600070238,TRUE,3.47006857363474,adequate
10,260,0.7,0.15,0.01,259.988196018262,0.999954600070238,TRUE,1.41034780847331,well_powered
10,260,0.7,0.15,0.03,259.988196018262,0.999954600070238,TRUE,1.63466428640691,well_powered
10,260,0.7,0.3,0.01,259.988196018262,0.999954600070238,TRUE,2.7942578468062,adequate
10,260,0.7,0.3,0.03,259.988196018262,0.999954600070238,TRUE,2.91623219303363,adequate
10,260,0.7,0.5,0.01,259.988196018262,0.999954600070238,TRUE,4.68340042779791,adequate
10,260,0.7,0.5,0.03,259.988196018262,0.999954600070238,TRUE,4.75918588049504,adequate
25,104,0,0.15,0.01,103.999999998556,0.999999999986112,TRUE,1.76936363781604,well_powered
25,104,0,0.15,0.03,103.999999998556,0.999999999986112,TRUE,2.38099757193584,adequate
25,104,0,0.3,0.01,103.999999998556,0.999999999986112,TRUE,3.43123380790442,adequate
25,104,0,0.3,0.03,103.999999998556,0.999999999986112,TRUE,3.7906476591302,adequate
25,104,0,0.5,0.01,103.999999998556,0.999999999986112,TRUE,5.73222995838676,marginal
25,104,0,0.5,0.03,103.999999998556,0.999999999986112,TRUE,5.96143537005534,marginal
25,104,0.3,0.15,0.01,103.999999998556,0.999999999986112,TRUE,2.39531452554109,adequate
25,104,0.3,0.15,0.03,103.999999998556,0.999999999986112,TRUE,3.22673247404652,adequate
25,104,0.3,0.3,0.01,103.999999998556,0.999999999986112,TRUE,4.65841109409848,adequate
25,104,0.3,0.3,0.03,103.999999998556,0.999999999986112,TRUE,5.14953393761257,marginal
25,104,0.3,0.5,0.01,103.999999998556,0.999999999986112,TRUE,7.81287296926936,marginal
25,104,0.3,0.5,0.03,103.999999998556,0.999999999986112,TRUE,8.12841842103369,marginal
25,104,0.5,0.15,0.01,103.999999998556,0.999999999986112,TRUE,3.02338826448987,adequate
25,104,0.5,0.15,0.03,103.999999998556,0.999999999986112,TRUE,4.07711275378952,adequate
25,104,0.5,0.3,0.01,103.999999998556,0.999999999986112,TRUE,5.89673346256299,marginal
25,104,0.5,0.3,0.03,103.999999998556,0.999999999986112,TRUE,6.52242316804148,marginal
25,104,0.5,0.5,0.01,103.999999998556,0.999999999986112,TRUE,9.92860268751106,marginal
25,104,0.5,0.5,0.03,103.999999998556,0.999999999986112,TRUE,10.3336107199272,underpowered
25,104,0.7,0.15,0.01,103.999999998556,0.999999999986112,TRUE,4.08747328103221,adequate
25,104,0.7,0.15,0.03,103.999999998556,0.999999999986112,TRUE,5.52187313994283,marginal
25,104,0.7,0.3,0.01,103.999999998556,0.999999999986112,TRUE,8.0106595195645,marginal
25,104,0.7,0.3,0.03,103.999999998556,0.999999999986112,TRUE,8.86987399278942,marginal
25,104,0.7,0.5,0.01,103.999999998556,0.999999999986112,TRUE,13.5777315779423,underpowered
25,104,0.7,0.5,0.03,103.999999998556,0.999999999986112,TRUE,14.1409002724325,underpowered
25,156,0,0.15,0.01,155.999999997834,0.999999999986112,TRUE,0.878084083858299,well_powered
25,156,0,0.15,0.03,155.999999997834,0.999999999986112,TRUE,1.17983707547229,well_powered
25,156,0,0.3,0.01,155.999999997834,0.999999999986112,TRUE,1.69587547070069,well_powered
25,156,0,0.3,0.03,155.999999997834,0.999999999986112,TRUE,1.87187106710158,well_powered
25,156,0,0.5,0.01,155.999999997834,0.999999999986112,TRUE,2.8173721366292,adequate
25,156,0,0.5,0.03,155.999999997834,0.999999999986112,TRUE,2.9284126308921,adequate
25,156,0.3,0.15,0.01,155.999999997834,0.999999999986112,TRUE,1.19088732179029,well_powered
25,156,0.3,0.15,0.03,155.999999997834,0.999999999986112,TRUE,1.60098480446458,well_powered
25,156,0.3,0.3,0.01,155.999999997834,0.999999999986112,TRUE,2.30331069078109,adequate
25,156,0.3,0.3,0.03,155.999999997834,0.999999999986112,TRUE,2.5431289721626,adequate
25,156,0.3,0.5,0.01,155.999999997834,0.999999999986112,TRUE,3.83401275981989,adequate
25,156,0.3,0.5,0.03,155.999999997834,0.999999999986112,TRUE,3.9858920890872,adequate
25,156,0.5,0.15,0.01,155.999999997834,0.999999999986112,TRUE,1.50603084439656,well_powered
25,156,0.5,0.15,0.03,155.999999997834,0.999999999986112,TRUE,2.02573342204526,adequate
25,156,0.5,0.3,0.01,155.999999997834,0.999999999986112,TRUE,2.91704668763089,adequate
25,156,0.5,0.3,0.03,155.999999997834,0.999999999986112,TRUE,3.22176600394613,adequate
25,156,0.5,0.5,0.01,155.999999997834,0.999999999986112,TRUE,4.86520482583073,adequate
25,156,0.5,0.5,0.03,155.999999997834,0.999999999986112,TRUE,5.05891850860076,marginal
25,156,0.7,0.15,0.01,155.999999997834,0.999999999986112,TRUE,2.04630918709725,adequate
25,156,0.7,0.15,0.03,155.999999997834,0.999999999986112,TRUE,2.75496575740717,adequate
25,156,0.7,0.3,0.01,155.999999997834,0.999999999986112,TRUE,3.97332863018436,adequate
25,156,0.7,0.3,0.03,155.999999997834,0.999999999986112,TRUE,4.39072053018625,adequate
25,156,0.7,0.5,0.01,155.999999997834,0.999999999986112,TRUE,6.64936215497662,marginal
25,156,0.7,0.5,0.03,155.999999997834,0.999999999986112,TRUE,6.9164233584444,marginal
25,208,0,0.15,0.01,207.999999997111,0.999999999986112,TRUE,0.553573071369118,well_powered
25,208,0,0.15,0.03,207.999999997111,0.999999999986112,TRUE,0.743397664820988,well_powered
25,208,0,0.3,0.01,207.999999997111,0.999999999986112,TRUE,1.06754060232446,well_powered
25,208,0,0.3,0.03,207.999999997111,0.999999999986112,TRUE,1.17795128324223,well_powered
25,208,0,0.5,0.01,207.999999997111,0.999999999986112,TRUE,1.76991172427012,well_powered
25,208,0,0.5,0.03,207.999999997111,0.999999999986112,TRUE,1.83930018111982,well_powered
25,208,0.3,0.15,0.01,207.999999997111,0.999999999986112,TRUE,0.751557381817958,well_powered
25,208,0.3,0.15,0.03,207.999999997111,0.999999999986112,TRUE,1.00961240308652,well_powered
25,208,0.3,0.3,0.01,207.999999997111,0.999999999986112,TRUE,1.45066559877223,well_powered
25,208,0.3,0.3,0.03,207.999999997111,0.999999999986112,TRUE,1.60101385102571,well_powered
25,208,0.3,0.5,0.01,207.999999997111,0.999999999986112,TRUE,2.40809335699725,adequate
25,208,0.3,0.5,0.03,207.999999997111,0.999999999986112,TRUE,2.50280741635063,adequate
25,208,0.5,0.15,0.01,207.999999997111,0.999999999986112,TRUE,0.951487650316096,well_powered
25,208,0.5,0.15,0.03,207.999999997111,0.999999999986112,TRUE,1.27862515299984,well_powered
25,208,0.5,0.3,0.01,207.999999997111,0.999999999986112,TRUE,1.8382625020076,well_powered
25,208,0.5,0.3,0.03,207.999999997111,0.999999999986112,TRUE,2.02918167913992,adequate
25,208,0.5,0.5,0.01,207.999999997111,0.999999999986112,TRUE,3.05532538097386,adequate
25,208,0.5,0.5,0.03,207.999999997111,0.999999999986112,TRUE,3.17588828271109,adequate
25,208,0.7,0.15,0.01,207.999999997111,0.999999999986112,TRUE,1.29629137153897,well_powered
25,208,0.7,0.15,0.03,207.999999997111,0.999999999986112,TRUE,1.74299754677054,well_powered
25,208,0.7,0.3,0.01,207.999999997111,0.999999999986112,TRUE,2.50838690017887,adequate
25,208,0.7,0.3,0.03,207.999999997111,0.999999999986112,TRUE,2.76984503004909,adequate
25,208,0.7,0.5,0.01,207.999999997111,0.999999999986112,TRUE,4.17813186870522,adequate
25,208,0.7,0.5,0.03,207.999999997111,0.999999999986112,TRUE,4.34392591809283,adequate
25,260,0,0.15,0.01,259.999999996389,0.999999999986112,TRUE,0.390744599117721,well_powered
25,260,0,0.15,0.03,259.999999996389,0.999999999986112,TRUE,0.524588506212487,well_powered
25,260,0,0.3,0.01,259.999999996389,0.999999999986112,TRUE,0.752968271185539,well_powered
25,260,0,0.3,0.03,259.999999996389,0.999999999986112,TRUE,0.830710653950195,well_powered
25,260,0,0.5,0.01,259.999999996389,0.999999999986112,TRUE,1.24709813522257,well_powered
25,260,0,0.5,0.03,259.999999996389,0.999999999986112,TRUE,1.2958596493815,well_powered
25,260,0.3,0.15,0.01,259.999999996389,0.999999999986112,TRUE,0.530848163383091,well_powered
25,260,0.3,0.15,0.03,259.999999996389,0.999999999986112,TRUE,0.712852624330052,well_powered
25,260,0.3,0.3,0.01,259.999999996389,0.999999999986112,TRUE,1.02360952430289,well_powered
25,260,0.3,0.3,0.03,259.999999996389,0.999999999986112,TRUE,1.12945128391695,well_powered
25,260,0.3,0.5,0.01,259.999999996389,0.999999999986112,TRUE,1.69683521065176,well_powered
25,260,0.3,0.5,0.03,259.999999996389,0.999999999986112,TRUE,1.76333399361275,well_powered
25,260,0.5,0.15,0.01,259.999999996389,0.999999999986112,TRUE,0.672536825038761,well_powered
25,260,0.5,0.15,0.03,259.999999996389,0.999999999986112,TRUE,0.903337901846157,well_powered
25,260,0.5,0.3,0.01,259.999999996389,0.999999999986112,TRUE,1.29766724436386,well_powered
25,260,0.5,0.3,0.03,259.999999996389,0.999999999986112,TRUE,1.43204696246571,well_powered
25,260,0.5,0.5,0.01,259.999999996389,0.999999999986112,TRUE,2.15305101087009,adequate
25,260,0.5,0.5,0.03,259.999999996389,0.999999999986112,TRUE,2.23762464199866,adequate
25,260,0.7,0.15,0.01,259.999999996389,0.999999999986112,TRUE,0.917768061969371,well_powered
25,260,0.7,0.15,0.03,259.999999996389,0.999999999986112,TRUE,1.23324156703253,well_powered
25,260,0.7,0.3,0.01,259.999999996389,0.999999999986112,TRUE,1.77284192157514,well_powered
25,260,0.7,0.3,0.03,259.999999996389,0.999999999986112,TRUE,1.95690155927153,well_powered
25,260,0.7,0.5,0.01,259.999999996389,0.999999999986112,TRUE,2.94596936434006,adequate
25,260,0.7,0.5,0.03,259.999999996389,0.999999999986112,TRUE,3.06215329965254,adequate
50,104,0,0.15,0.01,104,1,TRUE,1.30921776375552,well_powered
50,104,0,0.15,0.03,104,1,TRUE,2.058744785758,adequate
50,104,0,0.3,0.01,104,1,TRUE,2.44703439758645,adequate
50,104,0,0.3,0.03,104,1,TRUE,2.92386937088465,adequate
50,104,0,0.5,0.01,104,1,TRUE,4.0403347521131,adequate
50,104,0,0.5,0.03,104,1,TRUE,4.35223898959527,adequate
50,104,0.3,0.15,0.01,104,1,TRUE,1.77097016754775,well_powered
50,104,0.3,0.15,0.03,104,1,TRUE,2.78846455328707,adequate
50,104,0.3,0.3,0.01,104,1,TRUE,3.3166030107753,adequate
50,104,0.3,0.3,0.03,104,1,TRUE,3.96613575396669,adequate
50,104,0.3,0.5,0.01,104,1,TRUE,5.49107040966352,marginal
50,104,0.3,0.5,0.03,104,1,TRUE,5.91811378148188,marginal
50,104,0.5,0.15,0.01,104,1,TRUE,2.23355608746973,adequate
50,104,0.5,0.15,0.03,104,1,TRUE,3.52138531842157,adequate
50,104,0.5,0.3,0.01,104,1,TRUE,4.19114477023215,adequate
50,104,0.5,0.3,0.03,104,1,TRUE,5.01606378316257,marginal
50,104,0.5,0.5,0.01,104,1,TRUE,6.95798557271723,marginal
50,104,0.5,0.5,0.03,104,1,TRUE,7.50310780381402,marginal
50,104,0.7,0.15,0.01,104,1,TRUE,3.01561221467368,adequate
50,104,0.7,0.15,0.03,104,1,TRUE,4.76475240332863,adequate
50,104,0.7,0.3,0.01,104,1,TRUE,5.6774026514423,marginal
50,104,0.7,0.3,0.03,104,1,TRUE,6.80426537495158,marginal
50,104,0.7,0.5,0.01,104,1,TRUE,9.46902969487751,marginal
50,104,0.7,0.5,0.03,104,1,TRUE,10.2200814247974,underpowered
50,156,0,0.15,0.01,156,1,TRUE,0.650468568044471,well_powered
50,156,0,0.15,0.03,156,1,TRUE,1.02096491276626,well_powered
50,156,0,0.3,0.01,156,1,TRUE,1.2123625683085,well_powered
50,156,0,0.3,0.03,156,1,TRUE,1.44690939360654,well_powered
50,156,0,0.5,0.01,156,1,TRUE,1.99395645895413,well_powered
50,156,0,0.5,0.03,156,1,TRUE,2.14625689690691,adequate
50,156,0.3,0.15,0.01,156,1,TRUE,0.881833629249362,well_powered
50,156,0.3,0.15,0.03,156,1,TRUE,1.38501548014767,well_powered
50,156,0.3,0.3,0.01,156,1,TRUE,1.64521447144288,well_powered
50,156,0.3,0.3,0.03,156,1,TRUE,1.96431104083088,well_powered
50,156,0.3,0.5,0.01,156,1,TRUE,2.70957338891875,adequate
50,156,0.3,0.5,0.03,156,1,TRUE,2.91731023723931,adequate
50,156,0.5,0.15,0.01,156,1,TRUE,1.11474288664732,well_powered
50,156,0.5,0.15,0.03,156,1,TRUE,1.75197403194647,well_powered
50,156,0.5,0.3,0.01,156,1,TRUE,2.08181713654931,adequate
50,156,0.5,0.3,0.03,156,1,TRUE,2.48662499653873,adequate
50,156,0.5,0.5,0.01,156,1,TRUE,3.43336468195721,adequate
50,156,0.5,0.5,0.03,156,1,TRUE,3.69758427449503,adequate
50,156,0.7,0.15,0.01,156,1,TRUE,1.51360562645022,well_powered
50,156,0.7,0.15,0.03,156,1,TRUE,2.38151245238885,adequate
50,156,0.7,0.3,0.01,156,1,TRUE,2.83151722563673,adequate
50,156,0.7,0.3,0.03,156,1,TRUE,3.38450241820218,adequate
50,156,0.7,0.5,0.01,156,1,TRUE,4.68081725290257,adequate
50,156,0.7,0.5,0.03,156,1,TRUE,5.04335195772521,marginal
50,208,0,0.15,0.01,208,1,TRUE,0.410247854120893,well_powered
50,208,0,0.15,0.03,208,1,TRUE,0.643481558729597,well_powered
50,208,0,0.3,0.01,208,1,TRUE,0.763846101990406,well_powered
50,208,0,0.3,0.03,208,1,TRUE,0.911231606145613,well_powered
50,208,0,0.5,0.01,208,1,TRUE,1.25450015140629,well_powered
50,208,0,0.5,0.03,208,1,TRUE,1.34994685872241,well_powered
50,208,0.3,0.15,0.01,208,1,TRUE,0.55683039929213,well_powered
50,208,0.3,0.15,0.03,208,1,TRUE,0.873760900194998,well_powered
50,208,0.3,0.3,0.01,208,1,TRUE,1.03742115718393,well_powered
50,208,0.3,0.3,0.03,208,1,TRUE,1.23791683042431,well_powered
50,208,0.3,0.5,0.01,208,1,TRUE,1.70528617534937,well_powered
50,208,0.3,0.5,0.03,208,1,TRUE,1.83533985733331,well_powered
50,208,0.5,0.15,0.01,208,1,TRUE,0.704778175872867,well_powered
50,208,0.5,0.15,0.03,208,1,TRUE,1.10637797790849,well_powered
50,208,0.5,0.3,0.01,208,1,TRUE,1.31389165428917,well_powered
50,208,0.5,0.3,0.03,208,1,TRUE,1.56823225450882,well_powered
50,208,0.5,0.5,0.01,208,1,TRUE,2.16163545007992,adequate
50,208,0.5,0.5,0.03,208,1,TRUE,2.32688883981431,adequate
50,208,0.7,0.15,0.01,208,1,TRUE,0.959754138870328,well_powered
50,208,0.7,0.15,0.03,208,1,TRUE,1.50772920977136,well_powered
50,208,0.7,0.3,0.01,208,1,TRUE,1.79118500452395,well_powered
50,208,0.7,0.3,0.03,208,1,TRUE,2.1388897986337,adequate
50,208,0.7,0.5,0.01,208,1,TRUE,2.95134007391904,adequate
50,208,0.7,0.5,0.03,208,1,TRUE,3.17789767482855,adequate
50,260,0,0.15,0.01,260,1,TRUE,0.289637905837958,well_powered
50,260,0,0.15,0.03,260,1,TRUE,0.454147641641023,well_powered
50,260,0,0.3,0.01,260,1,TRUE,0.539002127732036,well_powered
50,260,0,0.3,0.03,260,1,TRUE,0.642865311893859,well_powered
50,260,0,0.5,0.01,260,1,TRUE,0.884595633726026,well_powered
50,260,0,0.5,0.03,260,1,TRUE,0.951766604373816,well_powered
50,260,0.3,0.15,0.01,260,1,TRUE,0.393418141861779,well_powered
50,260,0.3,0.15,0.03,260,1,TRUE,0.617054476466183,well_powered
50,260,0.3,0.3,0.01,260,1,TRUE,0.732457816722887,well_powered
50,260,0.3,0.3,0.03,260,1,TRUE,0.873760678100655,well_powered
50,260,0.3,0.5,0.01,260,1,TRUE,1.2028296955374,well_powered
50,260,0.3,0.5,0.03,260,1,TRUE,1.29432006527315,well_powered
50,260,0.5,0.15,0.01,260,1,TRUE,0.498334522489707,well_powered
50,260,0.5,0.15,0.03,260,1,TRUE,0.78184178499856,well_powered
50,260,0.5,0.3,0.01,260,1,TRUE,0.928206001549658,well_powered
50,260,0.5,0.3,0.03,260,1,TRUE,1.10747891877518,well_powered
50,260,0.5,0.5,0.01,260,1,TRUE,1.52523225251109,well_powered
50,260,0.5,0.5,0.03,260,1,TRUE,1.64144359990064,well_powered
50,260,0.7,0.15,0.01,260,1,TRUE,0.679831096687078,well_powered
50,260,0.7,0.15,0.03,260,1,TRUE,1.06714030577104,well_powered
50,260,0.7,0.3,0.01,260,1,TRUE,1.2672485023786,well_powered
50,260,0.7,0.3,0.03,260,1,TRUE,1.51249280659886,well_powered
50,260,0.7,0.5,0.01,260,1,TRUE,2.08458925579194,adequate
50,260,0.7,0.5,0.03,260,1,TRUE,2.24388815741408,adequate
100,104,0,0.15,0.01,104,1,TRUE,1.00488806318471,well_powered
100,104,0,0.15,0.03,104,1,TRUE,1.87769513447495,well_powered
100,104,0,0.3,0.01,104,1,TRUE,1.76936363781604,well_powered
100,104,0,0.3,0.03,104,1,TRUE,2.38099757193584,adequate
100,104,0,0.5,0.01,104,1,TRUE,2.8684363527766,adequate
100,104,0,0.5,0.03,104,1,TRUE,3.28688089890759,adequate
100,104,0.3,0.15,0.01,104,1,TRUE,1.35858750954354,well_powered
100,104,0.3,0.15,0.03,104,1,TRUE,2.5424467903963,adequate
100,104,0.3,0.3,0.01,104,1,TRUE,2.39531452554109,adequate
100,104,0.3,0.3,0.03,104,1,TRUE,3.22673247404652,adequate
100,104,0.3,0.5,0.01,104,1,TRUE,3.89057212748722,adequate
100,104,0.3,0.5,0.03,104,1,TRUE,4.46132710766032,adequate
100,104,0.5,0.15,0.01,104,1,TRUE,1.7125534341119,well_powered
100,104,0.5,0.15,0.03,104,1,TRUE,3.20970069137954,adequate
100,104,0.5,0.3,0.01,104,1,TRUE,3.02338826448987,adequate
100,104,0.5,0.3,0.03,104,1,TRUE,4.07711275378952,adequate
100,104,0.5,0.5,0.01,104,1,TRUE,4.92002792265278,adequate
100,104,0.5,0.5,0.03,104,1,TRUE,5.64586177454287,marginal
100,104,0.7,0.15,0.01,104,1,TRUE,2.31013360147221,adequate
100,104,0.7,0.15,0.03,104,1,TRUE,4.34072742356622,adequate
100,104,0.7,0.3,0.01,104,1,TRUE,4.08747328103221,adequate
100,104,0.7,0.3,0.03,104,1,TRUE,5.52187313994283,marginal
100,104,0.7,0.5,0.01,104,1,TRUE,6.67292009638396,marginal
100,104,0.7,0.5,0.03,104,1,TRUE,7.66664655689104,marginal
100,156,0,0.15,0.01,156,1,TRUE,0.49964402836562,well_powered
100,156,0,0.15,0.03,156,1,TRUE,0.931596176371641,well_powered
100,156,0,0.3,0.01,156,1,TRUE,0.878084083858299,well_powered
100,156,0,0.3,0.03,156,1,TRUE,1.17983707547229,well_powered
100,156,0,0.5,0.01,156,1,TRUE,1.41967089185979,well_powered
100,156,0,0.5,0.03,156,1,TRUE,1.62510329338841,well_powered
100,156,0.3,0.15,0.01,156,1,TRUE,0.677182090846595,well_powered
100,156,0.3,0.15,0.03,156,1,TRUE,1.26358129760304,well_powered
100,156,0.3,0.3,0.01,156,1,TRUE,1.19088732179029,well_powered
100,156,0.3,0.3,0.03,156,1,TRUE,1.60098480446458,well_powered
100,156,0.3,0.5,0.01,156,1,TRUE,1.92724014687469,well_powered
100,156,0.3,0.5,0.03,156,1,TRUE,2.20691524784262,adequate
100,156,0.5,0.15,0.01,156,1,TRUE,0.85580999758017,well_powered
100,156,0.5,0.15,0.03,156,1,TRUE,1.59811317339813,well_powered
100,156,0.5,0.3,0.01,156,1,TRUE,1.50603084439656,well_powered
100,156,0.5,0.3,0.03,156,1,TRUE,2.02573342204526,adequate
100,156,0.5,0.5,0.01,156,1,TRUE,2.43957952895086,adequate
100,156,0.5,0.5,0.03,156,1,TRUE,2.79461697256878,adequate
100,156,0.7,0.15,0.01,156,1,TRUE,1.16149378036046,well_powered
100,156,0.7,0.15,0.03,156,1,TRUE,2.17177718439974,adequate
100,156,0.7,0.3,0.01,156,1,TRUE,2.04630918709725,adequate
100,156,0.7,0.3,0.03,156,1,TRUE,2.75496575740717,adequate
100,156,0.7,0.5,0.01,156,1,TRUE,3.32019635641987,adequate
100,156,0.7,0.5,0.03,156,1,TRUE,3.80575295437005,adequate
100,208,0,0.15,0.01,208,1,TRUE,0.315210666261168,well_powered
100,208,0,0.15,0.03,208,1,TRUE,0.58725132105073,well_powered
100,208,0,0.3,0.01,208,1,TRUE,0.553573071369118,well_powered
100,208,0,0.3,0.03,208,1,TRUE,0.743397664820988,well_powered
100,208,0,0.5,0.01,208,1,TRUE,0.894121814041293,well_powered
100,208,0,0.5,0.03,208,1,TRUE,1.02312189000318,well_powered
100,208,0.3,0.15,0.01,208,1,TRUE,0.427763922022151,well_powered
100,208,0.3,0.15,0.03,208,1,TRUE,0.797328263712283,well_powered
100,208,0.3,0.3,0.01,208,1,TRUE,0.751557381817958,well_powered
100,208,0.3,0.3,0.03,208,1,TRUE,1.00961240308652,well_powered
100,208,0.3,0.5,0.01,208,1,TRUE,1.21463619110376,well_powered
100,208,0.3,0.5,0.03,208,1,TRUE,1.39019632482469,well_powered
100,208,0.5,0.15,0.01,208,1,TRUE,0.541326995837399,well_powered
100,208,0.5,0.15,0.03,208,1,TRUE,1.00949543440949,well_powered
100,208,0.5,0.3,0.01,208,1,TRUE,0.951487650316096,well_powered
100,208,0.5,0.3,0.03,208,1,TRUE,1.27862515299984,well_powered
100,208,0.5,0.5,0.01,208,1,TRUE,1.53869253961927,well_powered
100,208,0.5,0.5,0.03,208,1,TRUE,1.76149693100609,well_powered
100,208,0.7,0.15,0.01,208,1,TRUE,0.736953214619396,well_powered
100,208,0.7,0.15,0.03,208,1,TRUE,1.37546302239469,well_powered
100,208,0.7,0.3,0.01,208,1,TRUE,1.29629137153897,well_powered
100,208,0.7,0.3,0.03,208,1,TRUE,1.74299754677054,well_powered
100,208,0.7,0.5,0.01,208,1,TRUE,2.09849043896793,adequate
100,208,0.7,0.5,0.03,208,1,TRUE,2.40330845511099,adequate
100,260,0,0.15,0.01,260,1,TRUE,0.222571940737781,well_powered
100,260,0,0.15,0.03,260,1,TRUE,0.414496291098421,well_powered
100,260,0,0.3,0.01,260,1,TRUE,0.390744599117721,well_powered
100,260,0,0.3,0.03,260,1,TRUE,0.524588506212487,well_powered
100,260,0,0.5,0.01,260,1,TRUE,0.63081025544518,well_powered
100,260,0,0.5,0.03,260,1,TRUE,0.721685129753258,well_powered
100,260,0.3,0.15,0.01,260,1,TRUE,0.302285557815418,well_powered
100,260,0.3,0.15,0.03,260,1,TRUE,0.563140008611973,well_powered
100,260,0.3,0.3,0.01,260,1,TRUE,0.530848163383091,well_powered
100,260,0.3,0.3,0.03,260,1,TRUE,0.712852624330052,well_powered
100,260,0.3,0.5,0.01,260,1,TRUE,0.857357445866924,well_powered
100,260,0.3,0.5,0.03,260,1,TRUE,0.98102757442402,well_powered
100,260,0.5,0.15,0.01,260,1,TRUE,0.382852476776252,well_powered
100,260,0.5,0.15,0.03,260,1,TRUE,0.713478225342668,well_powered
100,260,0.5,0.3,0.01,260,1,TRUE,0.672536825038761,well_powered
100,260,0.5,0.3,0.03,260,1,TRUE,0.903337901846157,well_powered
100,260,0.5,0.5,0.01,260,1,TRUE,1.08666447925911,well_powered
100,260,0.5,0.5,0.03,260,1,TRUE,1.24361454749886,well_powered
100,260,0.7,0.15,0.01,260,1,TRUE,0.522180600584221,well_powered
100,260,0.7,0.15,0.03,260,1,TRUE,0.973710221656976,well_powered
100,260,0.7,0.3,0.01,260,1,TRUE,0.917768061969371,well_powered
100,260,0.7,0.3,0.03,260,1,TRUE,1.23324156703253,well_powered
100,260,0.7,0.5,0.01,260,1,TRUE,1.48401066990236,well_powered
100,260,0.7,0.5,0.03,260,1,TRUE,1.6988310324525,well_powered
250,104,0,0.15,0.01,104,1,TRUE,0.767433864829537,well_powered
250,104,0,0.15,0.03,104,1,TRUE,1.76041698044982,well_powered
250,104,0,0.3,0.01,104,1,TRUE,1.19665111196474,well_powered
250,104,0,0.3,0.03,104,1,TRUE,1.98824707368288,well_powered
250,104,0,0.5,0.01,104,1,TRUE,1.85652108933259,well_powered
250,104,0,0.5,0.03,104,1,TRUE,2.44703439758645,adequate
250,104,0.3,0.15,0.01,104,1,TRUE,1.03712615384015,well_powered
250,104,0.3,0.15,0.03,104,1,TRUE,2.38316591746566,adequate
250,104,0.3,0.3,0.01,104,1,TRUE,1.6183859257406,well_powered
250,104,0.3,0.3,0.03,104,1,TRUE,2.69265118849413,adequate
250,104,0.3,0.5,0.01,104,1,TRUE,2.51368459812718,adequate
250,104,0.3,0.5,0.03,104,1,TRUE,3.3166030107753,adequate
250,104,0.5,0.15,0.01,104,1,TRUE,1.30679993327085,well_powered
250,104,0.5,0.15,0.03,104,1,TRUE,3.0080076673251,adequate
250,104,0.5,0.3,0.01,104,1,TRUE,2.04071806091193,adequate
250,104,0.5,0.3,0.03,104,1,TRUE,3.39997458858923,adequate
250,104,0.5,0.5,0.01,104,1,TRUE,3.1732739201046,adequate
250,104,0.5,0.5,0.03,104,1,TRUE,4.19114477023215,adequate
250,104,0.7,0.15,0.01,104,1,TRUE,1.76157394577277,well_powered
250,104,0.7,0.15,0.03,104,1,TRUE,4.06657351865476,adequate
250,104,0.7,0.3,0.01,104,1,TRUE,2.75434941736228,adequate
250,104,0.7,0.3,0.03,104,1,TRUE,4.59952921649085,adequate
250,104,0.7,0.5,0.01,104,1,TRUE,4.29120016655784,adequate
250,104,0.7,0.5,0.03,104,1,TRUE,5.6774026514423,marginal
250,156,0,0.15,0.01,156,1,TRUE,0.381804349559944,well_powered
250,156,0,0.15,0.03,156,1,TRUE,0.873663461114682,well_powered
250,156,0,0.3,0.01,156,1,TRUE,0.59470751658024,well_powered
250,156,0,0.3,0.03,156,1,TRUE,0.986175678655909,well_powered
250,156,0,0.5,0.01,156,1,TRUE,0.921139159483308,well_powered
250,156,0,0.5,0.03,156,1,TRUE,1.2123625683085,well_powered
250,156,0.3,0.15,0.01,156,1,TRUE,0.517362872203542,well_powered
250,156,0.3,0.15,0.03,156,1,TRUE,1.18488269821795,well_powered
250,156,0.3,0.3,0.01,156,1,TRUE,0.806159638897408,well_powered
250,156,0.3,0.3,0.03,156,1,TRUE,1.33773936667136,well_powered
250,156,0.3,0.5,0.01,156,1,TRUE,1.24937479721985,well_powered
250,156,0.3,0.5,0.03,156,1,TRUE,1.64521447144288,well_powered
250,156,0.5,0.15,0.01,156,1,TRUE,0.653696762311529,well_powered
250,156,0.5,0.15,0.03,156,1,TRUE,1.49842549254748,well_powered
250,156,0.5,0.3,0.01,156,1,TRUE,1.01898119214137,well_powered
250,156,0.5,0.3,0.03,156,1,TRUE,1.69206797916288,well_powered
250,156,0.5,0.5,0.01,156,1,TRUE,1.58011626393511,well_powered
250,156,0.5,0.5,0.03,156,1,TRUE,2.08181713654931,adequate
250,156,0.7,0.15,0.01,156,1,TRUE,0.886871536596234,well_powered
250,156,0.7,0.15,0.03,156,1,TRUE,2.03594822067272,adequate
250,156,0.7,0.3,0.01,156,1,TRUE,1.38334600320129,well_powered
250,156,0.7,0.3,0.03,156,1,TRUE,2.29983818068726,adequate
250,156,0.7,0.5,0.01,156,1,TRUE,2.1472520806129,adequate
250,156,0.7,0.5,0.03,156,1,TRUE,2.83151722563673,adequate
250,208,0,0.15,0.01,208,1,TRUE,0.240921234770397,well_powered
250,208,0,0.15,0.03,208,1,TRUE,0.550790623835762,well_powered
250,208,0,0.3,0.01,208,1,TRUE,0.375117956883653,well_powered
250,208,0,0.3,0.03,208,1,TRUE,0.621594575153117,well_powered
250,208,0,0.5,0.01,208,1,TRUE,0.580670633950065,well_powered
250,208,0,0.5,0.03,208,1,TRUE,0.763846101990406,well_powered
250,208,0.3,0.15,0.01,208,1,TRUE,0.326904535420658,well_powered
250,208,0.3,0.15,0.03,208,1,TRUE,0.747776103021902,well_powered
250,208,0.3,0.3,0.01,208,1,TRUE,0.509116716467828,well_powered
250,208,0.3,0.3,0.03,208,1,TRUE,0.844008552427411,well_powered
250,208,0.3,0.5,0.01,208,1,TRUE,0.788384262375419,well_powered
250,208,0.3,0.5,0.03,208,1,TRUE,1.03742115718393,well_powered
250,208,0.5,0.15,0.01,208,1,TRUE,0.413636283588659,well_powered
250,208,0.5,0.15,0.03,208,1,TRUE,0.946695753897031,well_powered
250,208,0.5,0.3,0.01,208,1,TRUE,0.644346577436794,well_powered
250,208,0.5,0.3,0.03,208,1,TRUE,1.06866294009946,well_powered
250,208,0.5,0.5,0.01,208,1,TRUE,0.998159694839407,well_powered
250,208,0.5,0.5,0.03,208,1,TRUE,1.31389165428917,well_powered
250,208,0.7,0.15,0.01,208,1,TRUE,0.562988224946026,well_powered
250,208,0.7,0.15,0.03,208,1,TRUE,1.28975190657876,well_powered
250,208,0.7,0.3,0.01,208,1,TRUE,0.877364415182913,well_powered
250,208,0.7,0.3,0.03,208,1,TRUE,1.45623438041853,well_powered
250,208,0.7,0.5,0.01,208,1,TRUE,1.35999020434279,well_powered
250,208,0.7,0.5,0.03,208,1,TRUE,1.79118500452395,well_powered
250,260,0,0.15,0.01,260,1,TRUE,0.170134289494372,well_powered
250,260,0,0.15,0.03,260,1,TRUE,0.388782164770674,well_powered
250,260,0,0.3,0.01,260,1,TRUE,0.264849566666014,well_powered
250,260,0,0.3,0.03,260,1,TRUE,0.438714575482391,well_powered
250,260,0,0.5,0.01,260,1,TRUE,0.409855424273986,well_powered
250,260,0,0.5,0.03,260,1,TRUE,0.539002127732036,well_powered
250,260,0.3,0.15,0.01,260,1,TRUE,0.231045846910516,well_powered
250,260,0.3,0.15,0.03,260,1,TRUE,0.528180238748011,well_powered
250,260,0.3,0.3,0.01,260,1,TRUE,0.359731968421118,well_powered
250,260,0.3,0.3,0.03,260,1,TRUE,0.596069026717849,well_powered
250,260,0.3,0.5,0.01,260,1,TRUE,0.556830257978103,well_powered
250,260,0.3,0.5,0.03,260,1,TRUE,0.732457816722887,well_powered
250,260,0.5,0.15,0.01,260,1,TRUE,0.292597860012589,well_powered
250,260,0.5,0.15,0.03,260,1,TRUE,0.669154437999042,well_powered
250,260,0.5,0.3,0.01,260,1,TRUE,0.455644583824988,well_powered
250,260,0.5,0.3,0.03,260,1,TRUE,0.755231070503193,well_powered
250,260,0.5,0.5,0.01,260,1,TRUE,0.705478097032053,well_powered
250,260,0.5,0.5,0.03,260,1,TRUE,0.928206001549658,well_powered
250,260,0.7,0.15,0.01,260,1,TRUE,0.399015186650686,well_powered
250,260,0.7,0.15,0.03,260,1,TRUE,0.913146751574634,well_powered
250,260,0.7,0.3,0.01,260,1,TRUE,0.62154519482569,well_powered
250,260,0.7,0.3,0.03,260,1,TRUE,1.03076963837299,well_powered
250,260,0.7,0.5,0.01,260,1,TRUE,0.962778230483541,well_powered
250,260,0.7,0.5,0.03,260,1,TRUE,1.2672485023786,well_powered
500,104,0,0.15,0.01,104,1,TRUE,0.670097588472896,well_powered
500,104,0,0.15,0.03,104,1,TRUE,1.71959621398707,well_powered
500,104,0,0.3,0.01,104,1,TRUE,0.932392691314265,well_powered
500,104,0,0.3,0.03,104,1,TRUE,1.83941122042286,well_powered
500,104,0,0.5,0.01,104,1,TRUE,1.36782973717433,well_powered
500,104,0,0.5,0.03,104,1,TRUE,2.09691644484749,adequate
500,104,0.3,0.15,0.01,104,1,TRUE,0.905430475125346,well_powered
500,104,0.3,0.15,0.03,104,1,TRUE,2.32774040222834,adequate
500,104,0.3,0.3,0.01,104,1,TRUE,1.26041648940942,well_powered
500,104,0.3,0.3,0.03,104,1,TRUE,2.49044458877521,adequate
500,104,0.3,0.5,0.01,104,1,TRUE,1.8504422467601,well_powered
500,104,0.3,0.5,0.03,104,1,TRUE,2.84035327222081,adequate
500,104,0.5,0.15,0.01,104,1,TRUE,1.14066782556443,well_powered
500,104,0.5,0.15,0.03,104,1,TRUE,2.93784285221492,adequate
500,104,0.5,0.3,0.01,104,1,TRUE,1.58860514146306,well_powered
500,104,0.5,0.3,0.03,104,1,TRUE,3.14384281728284,adequate
500,104,0.5,0.5,0.01,104,1,TRUE,2.33402356796324,adequate
500,104,0.5,0.5,0.03,104,1,TRUE,3.58714876206976,adequate
500,104,0.7,0.15,0.01,104,1,TRUE,1.53718958590334,well_powered
500,104,0.7,0.15,0.03,104,1,TRUE,3.97124445806492,adequate
500,104,0.7,0.3,0.01,104,1,TRUE,2.14248110738848,adequate
500,104,0.7,0.3,0.03,104,1,TRUE,4.2511888984522,adequate
500,104,0.7,0.5,0.01,104,1,TRUE,3.15179599490842,adequate
500,104,0.7,0.5,0.03,104,1,TRUE,4.85427526164244,adequate
500,156,0,0.15,0.01,156,1,TRUE,0.333459738400888,well_powered
500,156,0,0.15,0.03,156,1,TRUE,0.853491084289137,well_powered
500,156,0,0.3,0.01,156,1,TRUE,0.463682022332956,well_powered
500,156,0,0.3,0.03,156,1,TRUE,0.912688480774881,well_powered
500,156,0,0.5,0.01,156,1,TRUE,0.679490311339492,well_powered
500,156,0,0.5,0.03,156,1,TRUE,1.03979684602442,well_powered
500,156,0.3,0.15,0.01,156,1,TRUE,0.451815053555449,well_powered
500,156,0.3,0.15,0.03,156,1,TRUE,1.15748332320584,well_powered
500,156,0.3,0.3,0.01,156,1,TRUE,0.628401838610659,well_powered
500,156,0.3,0.3,0.03,156,1,TRUE,1.23789441146129,well_powered
500,156,0.3,0.5,0.01,156,1,TRUE,0.921225259795588,well_powered
500,156,0.3,0.5,0.03,156,1,TRUE,1.41060915358338,well_powered
500,156,0.5,0.15,0.01,156,1,TRUE,0.570826988565254,well_powered
500,156,0.5,0.15,0.03,156,1,TRUE,1.46372342505854,well_powered
500,156,0.5,0.3,0.01,156,1,TRUE,0.794111762730898,well_powered
500,156,0.5,0.3,0.03,156,1,TRUE,1.56557330305473,well_powered
500,156,0.5,0.5,0.01,156,1,TRUE,1.16459851651376,well_powered
500,156,0.5,0.5,0.03,156,1,TRUE,1.78440818483483,well_powered
500,156,0.7,0.15,0.01,156,1,TRUE,0.77432844287717,well_powered
500,156,0.7,0.15,0.03,156,1,TRUE,1.98867620085692,well_powered
500,156,0.7,0.3,0.01,156,1,TRUE,1.07764028990853,well_powered
500,156,0.7,0.3,0.03,156,1,TRUE,2.12743493706729,adequate
500,156,0.7,0.5,0.01,156,1,TRUE,1.58143897777103,well_powered
500,156,0.7,0.5,0.03,156,1,TRUE,2.4257394149497,adequate
500,208,0,0.15,0.01,208,1,TRUE,0.21043414191404,well_powered
500,208,0,0.15,0.03,208,1,TRUE,0.53809306848247,well_powered
500,208,0,0.3,0.01,208,1,TRUE,0.292542616493319,well_powered
500,208,0,0.3,0.03,208,1,TRUE,0.575352368434179,well_powered
500,208,0,0.5,0.01,208,1,TRUE,0.428528940552519,well_powered
500,208,0,0.5,0.03,208,1,TRUE,0.655328151754442,well_powered
500,208,0.3,0.15,0.01,208,1,TRUE,0.285521300257385,well_powered
500,208,0.3,0.15,0.03,208,1,TRUE,0.730520906168608,well_powered
500,208,0.3,0.3,0.01,208,1,TRUE,0.396985718158049,well_powered
500,208,0.3,0.3,0.03,208,1,TRUE,0.781156206909084,well_powered
500,208,0.3,0.5,0.01,208,1,TRUE,0.581662257535198,well_powered
500,208,0.3,0.5,0.03,208,1,TRUE,0.889865677842927,well_powered
500,208,0.5,0.15,0.01,208,1,TRUE,0.361253819047302,well_powered
500,208,0.5,0.15,0.03,208,1,TRUE,0.924829386768167,well_powered
500,208,0.5,0.3,0.01,208,1,TRUE,0.502357355698679,well_powered
500,208,0.5,0.3,0.03,208,1,TRUE,0.988998961195242,well_powered
500,208,0.5,0.5,0.01,208,1,TRUE,0.736231883338379,well_powered
500,208,0.5,0.5,0.03,208,1,TRUE,1.12679414334109,well_powered
500,208,0.7,0.15,0.01,208,1,TRUE,0.491645729842372,well_powered
500,208,0.7,0.15,0.03,208,1,TRUE,1.25991245876371,well_powered
500,208,0.7,0.3,0.01,208,1,TRUE,0.683852792922313,well_powered
500,208,0.7,0.3,0.03,208,1,TRUE,1.34748663670237,well_powered
500,208,0.7,0.5,0.01,208,1,TRUE,1.0026437543577,well_powered
500,208,0.7,0.5,0.03,208,1,TRUE,1.53560763302567,well_powered
500,260,0,0.15,0.01,260,1,TRUE,0.148611486475669,well_powered
500,260,0,0.15,0.03,260,1,TRUE,0.379826494782787,well_powered
500,260,0,0.3,0.01,260,1,TRUE,0.206572767605029,well_powered
500,260,0,0.3,0.03,260,1,TRUE,0.406104783921291,well_powered
500,260,0,0.5,0.01,260,1,TRUE,0.302536389007591,well_powered
500,260,0,0.5,0.03,260,1,TRUE,0.462500563283341,well_powered
500,260,0.3,0.15,0.01,260,1,TRUE,0.201809680944876,well_powered
500,260,0.3,0.15,0.03,260,1,TRUE,0.516005264343544,well_powered
500,260,0.3,0.3,0.01,260,1,TRUE,0.280548303098227,well_powered
500,260,0.3,0.3,0.03,260,1,TRUE,0.551730940845241,well_powered
500,260,0.3,0.5,0.01,260,1,TRUE,0.410947744577705,well_powered
500,260,0.3,0.5,0.03,260,1,TRUE,0.62841302552612,well_powered
500,260,0.5,0.15,0.01,260,1,TRUE,0.255563077534071,well_powered
500,260,0.5,0.15,0.03,260,1,TRUE,0.653719344237302,well_powered
500,260,0.5,0.3,0.01,260,1,TRUE,0.355311427033111,well_powered
500,260,0.5,0.3,0.03,260,1,TRUE,0.699012774059238,well_powered
500,260,0.5,0.5,0.01,260,1,TRUE,0.520551009867765,well_powered
500,260,0.5,0.5,0.03,260,1,TRUE,0.796245671211837,well_powered
500,260,0.7,0.15,0.01,260,1,TRUE,0.34848753397263,well_powered
500,260,0.7,0.15,0.03,260,1,TRUE,0.892058703836884,well_powered
500,260,0.7,0.3,0.01,260,1,TRUE,0.484592611407853,well_powered
500,260,0.7,0.3,0.03,260,1,TRUE,0.953943745781705,well_powered
500,260,0.7,0.5,0.01,260,1,TRUE,0.710167514159976,well_powered
500,260,0.7,0.5,0.03,260,1,TRUE,1.08682852762487,well_powered
